iteration,N_bins,IL,abs_err
0,100,6.852717099746517,0.08640341782294048
1,236,6.90378271422251,0.03533780334694736
2,479,6.919537988262257,0.019582529307200502
3,826,6.9278615463154125,0.011258971254044958
4,1579,6.933719650989046,0.005400866580411723
5,2755,6.935694968828181,0.0034255487412764296
6,5280,6.93754211012731,0.0015784074421478778
